USE [DW];
GO

-- Delete existing data from fact tables first to maintain referential integrity
DELETE FROM FACT_SALEITEM;
DELETE FROM FACT_SALESTORE;
DELETE FROM FACT_IMPORT;
GO

-- Delete existing data from dimension tables
DELETE FROM DIM_TIME;
DELETE FROM DIM_ITEM;
DELETE FROM DIM_STORE;
DELETE FROM DIM_CUSTOMER;
DELETE FROM DIM_CITY;
GO

-- Populating DIM_CITY
INSERT INTO DIM_CITY (CITY_ID, CITY_NAME, STATE, OFFICE_ADDRESS) VALUES 
('TP001', 'Ho Chi Minh', 'South', '123 Nguyen Hue Blvd');
INSERT INTO DIM_CITY (CITY_ID, CITY_NAME, STATE, OFFICE_ADDRESS) VALUES 
('TP002', 'Ha Noi', 'North', '456 Ba Dinh Square');
INSERT INTO DIM_CITY (CITY_ID, CITY_NAME, STATE, OFFICE_ADDRESS) VALUES 
('TP003', 'Da Nang', 'Central', '789 Bach Dang St');
INSERT INTO DIM_CITY (CITY_ID, CITY_NAME, STATE, OFFICE_ADDRESS) VALUES 
('TP004', 'Can Tho', 'Mekong Delta', '101 Hoa Binh Ave');
INSERT INTO DIM_CITY (CITY_ID, CITY_NAME, STATE, OFFICE_ADDRESS) VALUES 
('TP005', 'Nha Trang', 'Central Coast', '202 Tran Phu St');
GO

-- Populating DIM_CUSTOMER
INSERT INTO DIM_CUSTOMER (CUSTOMER_ID, CUSTOMER_NAME, CITY_ID, FIRST_ORDER_DATE, CUSTOMER_TYPE, GUIDE_NAME, POSTAL_ADDRESS) VALUES 
('KH001', 'Nguyen Van A', 'TP001', CONVERT(DATE, '2023-01-20'), 'Postal', NULL, '123 Nguyen Trai St, District 1, Ho Chi Minh City');
INSERT INTO DIM_CUSTOMER (CUSTOMER_ID, CUSTOMER_NAME, CITY_ID, FIRST_ORDER_DATE, CUSTOMER_TYPE, GUIDE_NAME, POSTAL_ADDRESS) VALUES 
('KH002', 'Tran Thi B', 'TP002', CONVERT(DATE, '2023-01-25'), 'Regular', NULL, NULL);
INSERT INTO DIM_CUSTOMER (CUSTOMER_ID, CUSTOMER_NAME, CITY_ID, FIRST_ORDER_DATE, CUSTOMER_TYPE, GUIDE_NAME, POSTAL_ADDRESS) VALUES 
('KH003', 'Le Van C', 'TP003', CONVERT(DATE, '2023-02-05'), 'Tourist', 'Tran Van Tour', NULL);
INSERT INTO DIM_CUSTOMER (CUSTOMER_ID, CUSTOMER_NAME, CITY_ID, FIRST_ORDER_DATE, CUSTOMER_TYPE, GUIDE_NAME, POSTAL_ADDRESS) VALUES 
('KH004', 'Pham Thi D', 'TP001', CONVERT(DATE, '2023-02-10'), 'Postal', NULL, '456 Le Loi St, District 5, Ho Chi Minh City');
INSERT INTO DIM_CUSTOMER (CUSTOMER_ID, CUSTOMER_NAME, CITY_ID, FIRST_ORDER_DATE, CUSTOMER_TYPE, GUIDE_NAME, POSTAL_ADDRESS) VALUES 
('KH005', 'Hoang Van E', 'TP004', CONVERT(DATE, '2023-02-15'), 'Regular', NULL, NULL);
INSERT INTO DIM_CUSTOMER (CUSTOMER_ID, CUSTOMER_NAME, CITY_ID, FIRST_ORDER_DATE, CUSTOMER_TYPE, GUIDE_NAME, POSTAL_ADDRESS) VALUES 
('KH006', 'Nguyen Thi F', 'TP005', CONVERT(DATE, '2023-03-01'), 'Tourist', 'Le Thi Guide', NULL);
INSERT INTO DIM_CUSTOMER (CUSTOMER_ID, CUSTOMER_NAME, CITY_ID, FIRST_ORDER_DATE, CUSTOMER_TYPE, GUIDE_NAME, POSTAL_ADDRESS) VALUES 
('KH007', 'Tran Van G', 'TP002', CONVERT(DATE, '2023-03-05'), 'Postal', NULL, '789 Tran Hung Dao St, Ba Dinh District, Hanoi');
INSERT INTO DIM_CUSTOMER (CUSTOMER_ID, CUSTOMER_NAME, CITY_ID, FIRST_ORDER_DATE, CUSTOMER_TYPE, GUIDE_NAME, POSTAL_ADDRESS) VALUES 
('KH008', 'Phan Thi H', 'TP003', CONVERT(DATE, '2023-03-10'), 'Tourist', 'Nguyen Van Travel', NULL);
GO

-- Populating DIM_STORE
INSERT INTO DIM_STORE (STORE_ID, STORE_NAME, CITY_ID, PHONE_NUMBER) VALUES 
('CH001', 'Store-CH001', 'TP001', '0901234567');
INSERT INTO DIM_STORE (STORE_ID, STORE_NAME, CITY_ID, PHONE_NUMBER) VALUES 
('CH002', 'Store-CH002', 'TP001', '0901234568');
INSERT INTO DIM_STORE (STORE_ID, STORE_NAME, CITY_ID, PHONE_NUMBER) VALUES 
('CH003', 'Store-CH003', 'TP002', '0901234569');
INSERT INTO DIM_STORE (STORE_ID, STORE_NAME, CITY_ID, PHONE_NUMBER) VALUES 
('CH004', 'Store-CH004', 'TP002', '0901234570');
INSERT INTO DIM_STORE (STORE_ID, STORE_NAME, CITY_ID, PHONE_NUMBER) VALUES 
('CH005', 'Store-CH005', 'TP003', '0901234571');
INSERT INTO DIM_STORE (STORE_ID, STORE_NAME, CITY_ID, PHONE_NUMBER) VALUES 
('CH006', 'Store-CH006', 'TP004', '0901234572');
INSERT INTO DIM_STORE (STORE_ID, STORE_NAME, CITY_ID, PHONE_NUMBER) VALUES 
('CH007', 'Store-CH007', 'TP005', '0901234573');
GO

-- Populating DIM_ITEM
INSERT INTO DIM_ITEM (ITEM_ID, ITEM_DESCRIPTION, ITEM_SIZE, ITEM_WEIGHT, PRICE) VALUES 
('MH001', 'Smartphone Galaxy S23', 6.1, 0.2, 799.99);
INSERT INTO DIM_ITEM (ITEM_ID, ITEM_DESCRIPTION, ITEM_SIZE, ITEM_WEIGHT, PRICE) VALUES 
('MH002', 'Laptop ThinkPad X1', 14.0, 1.5, 1299.99);
INSERT INTO DIM_ITEM (ITEM_ID, ITEM_DESCRIPTION, ITEM_SIZE, ITEM_WEIGHT, PRICE) VALUES 
('MH003', 'Wireless Earbuds', 2.0, 0.05, 129.99);
INSERT INTO DIM_ITEM (ITEM_ID, ITEM_DESCRIPTION, ITEM_SIZE, ITEM_WEIGHT, PRICE) VALUES 
('MH004', 'Smart Watch Series 8', 1.8, 0.1, 399.99);
INSERT INTO DIM_ITEM (ITEM_ID, ITEM_DESCRIPTION, ITEM_SIZE, ITEM_WEIGHT, PRICE) VALUES 
('MH005', 'Bluetooth Speaker', 8.0, 0.8, 89.99);
INSERT INTO DIM_ITEM (ITEM_ID, ITEM_DESCRIPTION, ITEM_SIZE, ITEM_WEIGHT, PRICE) VALUES 
('MH006', 'Gaming Console Pro', 30.0, 4.2, 499.99);
INSERT INTO DIM_ITEM (ITEM_ID, ITEM_DESCRIPTION, ITEM_SIZE, ITEM_WEIGHT, PRICE) VALUES 
('MH007', 'Digital Camera 4K', 12.0, 0.7, 649.99);
INSERT INTO DIM_ITEM (ITEM_ID, ITEM_DESCRIPTION, ITEM_SIZE, ITEM_WEIGHT, PRICE) VALUES 
('MH008', 'Tablet Pro 12.9', 12.9, 0.8, 899.99);
INSERT INTO DIM_ITEM (ITEM_ID, ITEM_DESCRIPTION, ITEM_SIZE, ITEM_WEIGHT, PRICE) VALUES 
('MH009', 'Fitness Tracker', 1.5, 0.03, 79.99);
INSERT INTO DIM_ITEM (ITEM_ID, ITEM_DESCRIPTION, ITEM_SIZE, ITEM_WEIGHT, PRICE) VALUES 
('MH010', 'Wireless Keyboard', 35.0, 0.6, 59.99);
GO

-- Populating DIM_TIME (First, as it's referenced by fact tables)
INSERT INTO DIM_TIME (TIME_ID, DAY, MONTH, QUARTER, YEAR) VALUES (1, 1, 1, 1, 2023);
INSERT INTO DIM_TIME (TIME_ID, DAY, MONTH, QUARTER, YEAR) VALUES (2, 2, 1, 1, 2023);
INSERT INTO DIM_TIME (TIME_ID, DAY, MONTH, QUARTER, YEAR) VALUES (3, 3, 1, 1, 2023);
INSERT INTO DIM_TIME (TIME_ID, DAY, MONTH, QUARTER, YEAR) VALUES (4, 4, 1, 1, 2023);
INSERT INTO DIM_TIME (TIME_ID, DAY, MONTH, QUARTER, YEAR) VALUES (5, 5, 1, 1, 2023);
INSERT INTO DIM_TIME (TIME_ID, DAY, MONTH, QUARTER, YEAR) VALUES (6, 6, 1, 1, 2023);
INSERT INTO DIM_TIME (TIME_ID, DAY, MONTH, QUARTER, YEAR) VALUES (7, 7, 1, 1, 2023);
INSERT INTO DIM_TIME (TIME_ID, DAY, MONTH, QUARTER, YEAR) VALUES (8, 8, 1, 1, 2023);
INSERT INTO DIM_TIME (TIME_ID, DAY, MONTH, QUARTER, YEAR) VALUES (9, 9, 1, 1, 2023);
INSERT INTO DIM_TIME (TIME_ID, DAY, MONTH, QUARTER, YEAR) VALUES (10, 10, 1, 1, 2023);
INSERT INTO DIM_TIME (TIME_ID, DAY, MONTH, QUARTER, YEAR) VALUES (11, 11, 1, 1, 2023);
INSERT INTO DIM_TIME (TIME_ID, DAY, MONTH, QUARTER, YEAR) VALUES (12, 12, 1, 1, 2023);
INSERT INTO DIM_TIME (TIME_ID, DAY, MONTH, QUARTER, YEAR) VALUES (13, 13, 1, 1, 2023);
INSERT INTO DIM_TIME (TIME_ID, DAY, MONTH, QUARTER, YEAR) VALUES (14, 14, 1, 1, 2023);
INSERT INTO DIM_TIME (TIME_ID, DAY, MONTH, QUARTER, YEAR) VALUES (15, 15, 1, 1, 2023);
INSERT INTO DIM_TIME (TIME_ID, DAY, MONTH, QUARTER, YEAR) VALUES (16, 16, 1, 1, 2023);
INSERT INTO DIM_TIME (TIME_ID, DAY, MONTH, QUARTER, YEAR) VALUES (17, 17, 1, 1, 2023);
INSERT INTO DIM_TIME (TIME_ID, DAY, MONTH, QUARTER, YEAR) VALUES (18, 18, 1, 1, 2023);
INSERT INTO DIM_TIME (TIME_ID, DAY, MONTH, QUARTER, YEAR) VALUES (19, 19, 1, 1, 2023);
INSERT INTO DIM_TIME (TIME_ID, DAY, MONTH, QUARTER, YEAR) VALUES (20, 20, 1, 1, 2023);
INSERT INTO DIM_TIME (TIME_ID, DAY, MONTH, QUARTER, YEAR) VALUES (21, 21, 1, 1, 2023);
INSERT INTO DIM_TIME (TIME_ID, DAY, MONTH, QUARTER, YEAR) VALUES (22, 22, 1, 1, 2023);
INSERT INTO DIM_TIME (TIME_ID, DAY, MONTH, QUARTER, YEAR) VALUES (23, 23, 1, 1, 2023);
INSERT INTO DIM_TIME (TIME_ID, DAY, MONTH, QUARTER, YEAR) VALUES (24, 24, 1, 1, 2023);
INSERT INTO DIM_TIME (TIME_ID, DAY, MONTH, QUARTER, YEAR) VALUES (25, 25, 1, 1, 2023);
INSERT INTO DIM_TIME (TIME_ID, DAY, MONTH, QUARTER, YEAR) VALUES (26, 26, 1, 1, 2023);
INSERT INTO DIM_TIME (TIME_ID, DAY, MONTH, QUARTER, YEAR) VALUES (27, 27, 1, 1, 2023);
INSERT INTO DIM_TIME (TIME_ID, DAY, MONTH, QUARTER, YEAR) VALUES (28, 28, 1, 1, 2023);
INSERT INTO DIM_TIME (TIME_ID, DAY, MONTH, QUARTER, YEAR) VALUES (29, 29, 1, 1, 2023);
INSERT INTO DIM_TIME (TIME_ID, DAY, MONTH, QUARTER, YEAR) VALUES (30, 30, 1, 1, 2023);
INSERT INTO DIM_TIME (TIME_ID, DAY, MONTH, QUARTER, YEAR) VALUES (31, 31, 1, 1, 2023);
INSERT INTO DIM_TIME (TIME_ID, DAY, MONTH, QUARTER, YEAR) VALUES (32, 1, 2, 1, 2023);
INSERT INTO DIM_TIME (TIME_ID, DAY, MONTH, QUARTER, YEAR) VALUES (33, 2, 2, 1, 2023);
INSERT INTO DIM_TIME (TIME_ID, DAY, MONTH, QUARTER, YEAR) VALUES (34, 3, 2, 1, 2023);
INSERT INTO DIM_TIME (TIME_ID, DAY, MONTH, QUARTER, YEAR) VALUES (35, 4, 2, 1, 2023);
INSERT INTO DIM_TIME (TIME_ID, DAY, MONTH, QUARTER, YEAR) VALUES (36, 5, 2, 1, 2023);
INSERT INTO DIM_TIME (TIME_ID, DAY, MONTH, QUARTER, YEAR) VALUES (37, 6, 2, 1, 2023);
INSERT INTO DIM_TIME (TIME_ID, DAY, MONTH, QUARTER, YEAR) VALUES (38, 7, 2, 1, 2023);
INSERT INTO DIM_TIME (TIME_ID, DAY, MONTH, QUARTER, YEAR) VALUES (39, 8, 2, 1, 2023);
INSERT INTO DIM_TIME (TIME_ID, DAY, MONTH, QUARTER, YEAR) VALUES (40, 9, 2, 1, 2023);
INSERT INTO DIM_TIME (TIME_ID, DAY, MONTH, QUARTER, YEAR) VALUES (41, 10, 2, 1, 2023);
INSERT INTO DIM_TIME (TIME_ID, DAY, MONTH, QUARTER, YEAR) VALUES (42, 11, 2, 1, 2023);
INSERT INTO DIM_TIME (TIME_ID, DAY, MONTH, QUARTER, YEAR) VALUES (43, 12, 2, 1, 2023);
INSERT INTO DIM_TIME (TIME_ID, DAY, MONTH, QUARTER, YEAR) VALUES (44, 13, 2, 1, 2023);
INSERT INTO DIM_TIME (TIME_ID, DAY, MONTH, QUARTER, YEAR) VALUES (45, 14, 2, 1, 2023);
INSERT INTO DIM_TIME (TIME_ID, DAY, MONTH, QUARTER, YEAR) VALUES (46, 15, 2, 1, 2023);
INSERT INTO DIM_TIME (TIME_ID, DAY, MONTH, QUARTER, YEAR) VALUES (47, 16, 2, 1, 2023);
INSERT INTO DIM_TIME (TIME_ID, DAY, MONTH, QUARTER, YEAR) VALUES (48, 17, 2, 1, 2023);
INSERT INTO DIM_TIME (TIME_ID, DAY, MONTH, QUARTER, YEAR) VALUES (49, 18, 2, 1, 2023);
INSERT INTO DIM_TIME (TIME_ID, DAY, MONTH, QUARTER, YEAR) VALUES (50, 19, 2, 1, 2023);
INSERT INTO DIM_TIME (TIME_ID, DAY, MONTH, QUARTER, YEAR) VALUES (51, 20, 2, 1, 2023);
INSERT INTO DIM_TIME (TIME_ID, DAY, MONTH, QUARTER, YEAR) VALUES (52, 21, 2, 1, 2023);
INSERT INTO DIM_TIME (TIME_ID, DAY, MONTH, QUARTER, YEAR) VALUES (53, 22, 2, 1, 2023);
INSERT INTO DIM_TIME (TIME_ID, DAY, MONTH, QUARTER, YEAR) VALUES (54, 23, 2, 1, 2023);
INSERT INTO DIM_TIME (TIME_ID, DAY, MONTH, QUARTER, YEAR) VALUES (55, 24, 2, 1, 2023);
INSERT INTO DIM_TIME (TIME_ID, DAY, MONTH, QUARTER, YEAR) VALUES (56, 25, 2, 1, 2023);
INSERT INTO DIM_TIME (TIME_ID, DAY, MONTH, QUARTER, YEAR) VALUES (57, 26, 2, 1, 2023);
INSERT INTO DIM_TIME (TIME_ID, DAY, MONTH, QUARTER, YEAR) VALUES (58, 27, 2, 1, 2023);
INSERT INTO DIM_TIME (TIME_ID, DAY, MONTH, QUARTER, YEAR) VALUES (59, 28, 2, 1, 2023);
INSERT INTO DIM_TIME (TIME_ID, DAY, MONTH, QUARTER, YEAR) VALUES (60, 1, 3, 1, 2023);
INSERT INTO DIM_TIME (TIME_ID, DAY, MONTH, QUARTER, YEAR) VALUES (61, 2, 3, 1, 2023);
INSERT INTO DIM_TIME (TIME_ID, DAY, MONTH, QUARTER, YEAR) VALUES (62, 3, 3, 1, 2023);
INSERT INTO DIM_TIME (TIME_ID, DAY, MONTH, QUARTER, YEAR) VALUES (63, 4, 3, 1, 2023);
INSERT INTO DIM_TIME (TIME_ID, DAY, MONTH, QUARTER, YEAR) VALUES (64, 5, 3, 1, 2023);
INSERT INTO DIM_TIME (TIME_ID, DAY, MONTH, QUARTER, YEAR) VALUES (65, 6, 3, 1, 2023);
INSERT INTO DIM_TIME (TIME_ID, DAY, MONTH, QUARTER, YEAR) VALUES (66, 7, 3, 1, 2023);
INSERT INTO DIM_TIME (TIME_ID, DAY, MONTH, QUARTER, YEAR) VALUES (67, 8, 3, 1, 2023);
INSERT INTO DIM_TIME (TIME_ID, DAY, MONTH, QUARTER, YEAR) VALUES (68, 9, 3, 1, 2023);
INSERT INTO DIM_TIME (TIME_ID, DAY, MONTH, QUARTER, YEAR) VALUES (69, 10, 3, 1, 2023);
INSERT INTO DIM_TIME (TIME_ID, DAY, MONTH, QUARTER, YEAR) VALUES (70, 11, 3, 1, 2023);
INSERT INTO DIM_TIME (TIME_ID, DAY, MONTH, QUARTER, YEAR) VALUES (71, 12, 3, 1, 2023);
INSERT INTO DIM_TIME (TIME_ID, DAY, MONTH, QUARTER, YEAR) VALUES (72, 13, 3, 1, 2023);
INSERT INTO DIM_TIME (TIME_ID, DAY, MONTH, QUARTER, YEAR) VALUES (73, 14, 3, 1, 2023);
INSERT INTO DIM_TIME (TIME_ID, DAY, MONTH, QUARTER, YEAR) VALUES (74, 15, 3, 1, 2023);
INSERT INTO DIM_TIME (TIME_ID, DAY, MONTH, QUARTER, YEAR) VALUES (75, 16, 3, 1, 2023);
INSERT INTO DIM_TIME (TIME_ID, DAY, MONTH, QUARTER, YEAR) VALUES (76, 17, 3, 1, 2023);
INSERT INTO DIM_TIME (TIME_ID, DAY, MONTH, QUARTER, YEAR) VALUES (77, 18, 3, 1, 2023);
INSERT INTO DIM_TIME (TIME_ID, DAY, MONTH, QUARTER, YEAR) VALUES (78, 19, 3, 1, 2023);
INSERT INTO DIM_TIME (TIME_ID, DAY, MONTH, QUARTER, YEAR) VALUES (79, 20, 3, 1, 2023);
INSERT INTO DIM_TIME (TIME_ID, DAY, MONTH, QUARTER, YEAR) VALUES (80, 21, 3, 1, 2023);
INSERT INTO DIM_TIME (TIME_ID, DAY, MONTH, QUARTER, YEAR) VALUES (81, 22, 3, 1, 2023);
INSERT INTO DIM_TIME (TIME_ID, DAY, MONTH, QUARTER, YEAR) VALUES (82, 23, 3, 1, 2023);
INSERT INTO DIM_TIME (TIME_ID, DAY, MONTH, QUARTER, YEAR) VALUES (83, 24, 3, 1, 2023);
INSERT INTO DIM_TIME (TIME_ID, DAY, MONTH, QUARTER, YEAR) VALUES (84, 25, 3, 1, 2023);
INSERT INTO DIM_TIME (TIME_ID, DAY, MONTH, QUARTER, YEAR) VALUES (85, 26, 3, 1, 2023);
INSERT INTO DIM_TIME (TIME_ID, DAY, MONTH, QUARTER, YEAR) VALUES (86, 27, 3, 1, 2023);
INSERT INTO DIM_TIME (TIME_ID, DAY, MONTH, QUARTER, YEAR) VALUES (87, 28, 3, 1, 2023);
INSERT INTO DIM_TIME (TIME_ID, DAY, MONTH, QUARTER, YEAR) VALUES (88, 29, 3, 1, 2023);
INSERT INTO DIM_TIME (TIME_ID, DAY, MONTH, QUARTER, YEAR) VALUES (89, 30, 3, 1, 2023);
INSERT INTO DIM_TIME (TIME_ID, DAY, MONTH, QUARTER, YEAR) VALUES (90, 31, 3, 1, 2023);
GO

-- Populating FACT_IMPORT
INSERT INTO FACT_IMPORT (IMPORT_ID, STORE_ID, ITEM_ID, DATE_ID, QUANTITY_IMPORT) VALUES 
('1', 'CH001', 'MH001', 1, 10);
INSERT INTO FACT_IMPORT (IMPORT_ID, STORE_ID, ITEM_ID, DATE_ID, QUANTITY_IMPORT) VALUES 
('2', 'CH001', 'MH001', 32, 6);
INSERT INTO FACT_IMPORT (IMPORT_ID, STORE_ID, ITEM_ID, DATE_ID, QUANTITY_IMPORT) VALUES 
('3', 'CH001', 'MH002', 1, 5);
INSERT INTO FACT_IMPORT (IMPORT_ID, STORE_ID, ITEM_ID, DATE_ID, QUANTITY_IMPORT) VALUES 
('4', 'CH001', 'MH003', 1, 20);
INSERT INTO FACT_IMPORT (IMPORT_ID, STORE_ID, ITEM_ID, DATE_ID, QUANTITY_IMPORT) VALUES 
('5', 'CH001', 'MH003', 32, 12);
INSERT INTO FACT_IMPORT (IMPORT_ID, STORE_ID, ITEM_ID, DATE_ID, QUANTITY_IMPORT) VALUES 
('6', 'CH002', 'MH004', 1, 15);
INSERT INTO FACT_IMPORT (IMPORT_ID, STORE_ID, ITEM_ID, DATE_ID, QUANTITY_IMPORT) VALUES 
('7', 'CH002', 'MH005', 1, 12);
INSERT INTO FACT_IMPORT (IMPORT_ID, STORE_ID, ITEM_ID, DATE_ID, QUANTITY_IMPORT) VALUES 
('8', 'CH002', 'MH005', 41, 9);
INSERT INTO FACT_IMPORT (IMPORT_ID, STORE_ID, ITEM_ID, DATE_ID, QUANTITY_IMPORT) VALUES 
('9', 'CH003', 'MH001', 1, 8);
INSERT INTO FACT_IMPORT (IMPORT_ID, STORE_ID, ITEM_ID, DATE_ID, QUANTITY_IMPORT) VALUES 
('10', 'CH003', 'MH006', 1, 6);
INSERT INTO FACT_IMPORT (IMPORT_ID, STORE_ID, ITEM_ID, DATE_ID, QUANTITY_IMPORT) VALUES 
('11', 'CH003', 'MH006', 46, 4);
INSERT INTO FACT_IMPORT (IMPORT_ID, STORE_ID, ITEM_ID, DATE_ID, QUANTITY_IMPORT) VALUES 
('12', 'CH004', 'MH007', 1, 7);
INSERT INTO FACT_IMPORT (IMPORT_ID, STORE_ID, ITEM_ID, DATE_ID, QUANTITY_IMPORT) VALUES 
('13', 'CH004', 'MH008', 1, 4);
INSERT INTO FACT_IMPORT (IMPORT_ID, STORE_ID, ITEM_ID, DATE_ID, QUANTITY_IMPORT) VALUES 
('14', 'CH005', 'MH009', 1, 25);
INSERT INTO FACT_IMPORT (IMPORT_ID, STORE_ID, ITEM_ID, DATE_ID, QUANTITY_IMPORT) VALUES 
('15', 'CH005', 'MH010', 1, 30);
GO

-- Populating FACT_SALEITEM
INSERT INTO FACT_SALEITEM (SALEITEM_ID, CUSTOMER_ID, TIME_ID, ITEM_ID, QUANTITY_ORDERED, TOTAL_ITEM_PRICE) VALUES 
('1', 'KH001', 20, 'MH001', 1, 799.99);
INSERT INTO FACT_SALEITEM (SALEITEM_ID, CUSTOMER_ID, TIME_ID, ITEM_ID, QUANTITY_ORDERED, TOTAL_ITEM_PRICE) VALUES 
('2', 'KH001', 20, 'MH003', 2, 259.98);
INSERT INTO FACT_SALEITEM (SALEITEM_ID, CUSTOMER_ID, TIME_ID, ITEM_ID, QUANTITY_ORDERED, TOTAL_ITEM_PRICE) VALUES 
('3', 'KH001', 74, 'MH003', 1, 129.99);
INSERT INTO FACT_SALEITEM (SALEITEM_ID, CUSTOMER_ID, TIME_ID, ITEM_ID, QUANTITY_ORDERED, TOTAL_ITEM_PRICE) VALUES 
('4', 'KH002', 25, 'MH002', 1, 1299.99);
INSERT INTO FACT_SALEITEM (SALEITEM_ID, CUSTOMER_ID, TIME_ID, ITEM_ID, QUANTITY_ORDERED, TOTAL_ITEM_PRICE) VALUES 
('5', 'KH003', 79, 'MH001', 1, 799.99);
INSERT INTO FACT_SALEITEM (SALEITEM_ID, CUSTOMER_ID, TIME_ID, ITEM_ID, QUANTITY_ORDERED, TOTAL_ITEM_PRICE) VALUES 
('6', 'KH003', 36, 'MH005', 1, 89.99);
INSERT INTO FACT_SALEITEM (SALEITEM_ID, CUSTOMER_ID, TIME_ID, ITEM_ID, QUANTITY_ORDERED, TOTAL_ITEM_PRICE) VALUES 
('7', 'KH003', 36, 'MH009', 2, 159.98);
INSERT INTO FACT_SALEITEM (SALEITEM_ID, CUSTOMER_ID, TIME_ID, ITEM_ID, QUANTITY_ORDERED, TOTAL_ITEM_PRICE) VALUES 
('8', 'KH004', 41, 'MH004', 1, 399.99);
INSERT INTO FACT_SALEITEM (SALEITEM_ID, CUSTOMER_ID, TIME_ID, ITEM_ID, QUANTITY_ORDERED, TOTAL_ITEM_PRICE) VALUES 
('9', 'KH005', 46, 'MH006', 1, 499.99);
INSERT INTO FACT_SALEITEM (SALEITEM_ID, CUSTOMER_ID, TIME_ID, ITEM_ID, QUANTITY_ORDERED, TOTAL_ITEM_PRICE) VALUES 
('10', 'KH006', 60, 'MH008', 1, 899.99);
INSERT INTO FACT_SALEITEM (SALEITEM_ID, CUSTOMER_ID, TIME_ID, ITEM_ID, QUANTITY_ORDERED, TOTAL_ITEM_PRICE) VALUES 
('11', 'KH007', 64, 'MH007', 1, 649.99);
INSERT INTO FACT_SALEITEM (SALEITEM_ID, CUSTOMER_ID, TIME_ID, ITEM_ID, QUANTITY_ORDERED, TOTAL_ITEM_PRICE) VALUES 
('12', 'KH008', 69, 'MH010', 2, 119.98);
GO

-- Populating FACT_SALESTORE
INSERT INTO FACT_SALESTORE (SALESTORE_ID, STORE_ID, ITEM_ID, DATE_ID, QUANTITY_SALE) VALUES 
('1', 'CH001', 'MH001', 20, 1);
INSERT INTO FACT_SALESTORE (SALESTORE_ID, STORE_ID, ITEM_ID, DATE_ID, QUANTITY_SALE) VALUES 
('2', 'CH001', 'MH001', 79, 1);
INSERT INTO FACT_SALESTORE (SALESTORE_ID, STORE_ID, ITEM_ID, DATE_ID, QUANTITY_SALE) VALUES 
('3', 'CH001', 'MH002', 25, 1);
INSERT INTO FACT_SALESTORE (SALESTORE_ID, STORE_ID, ITEM_ID, DATE_ID, QUANTITY_SALE) VALUES 
('4', 'CH001', 'MH003', 20, 2);
INSERT INTO FACT_SALESTORE (SALESTORE_ID, STORE_ID, ITEM_ID, DATE_ID, QUANTITY_SALE) VALUES 
('5', 'CH001', 'MH003', 74, 1);
INSERT INTO FACT_SALESTORE (SALESTORE_ID, STORE_ID, ITEM_ID, DATE_ID, QUANTITY_SALE) VALUES 
('6', 'CH002', 'MH004', 41, 1);
INSERT INTO FACT_SALESTORE (SALESTORE_ID, STORE_ID, ITEM_ID, DATE_ID, QUANTITY_SALE) VALUES 
('7', 'CH002', 'MH005', 36, 1);
INSERT INTO FACT_SALESTORE (SALESTORE_ID, STORE_ID, ITEM_ID, DATE_ID, QUANTITY_SALE) VALUES 
('8', 'CH003', 'MH006', 46, 5);
INSERT INTO FACT_SALESTORE (SALESTORE_ID, STORE_ID, ITEM_ID, DATE_ID, QUANTITY_SALE) VALUES 
('9', 'CH004', 'MH007', 64, 1);
INSERT INTO FACT_SALESTORE (SALESTORE_ID, STORE_ID, ITEM_ID, DATE_ID, QUANTITY_SALE) VALUES 
('10', 'CH004', 'MH008', 60, 1);
INSERT INTO FACT_SALESTORE (SALESTORE_ID, STORE_ID, ITEM_ID, DATE_ID, QUANTITY_SALE) VALUES 
('11', 'CH005', 'MH009', 36, 2);
INSERT INTO FACT_SALESTORE (SALESTORE_ID, STORE_ID, ITEM_ID, DATE_ID, QUANTITY_SALE) VALUES 
('12', 'CH005', 'MH010', 69, 2);
GO

